{
    "port": "8080",
    "db": {
        "host": "127.0.0.1",
        "name": "coachable",
        "user": "",
        "password": "",
        "port": "27017"
    },
    "auth": {
        "secret": "coachable-secret"
    },
    "sgMail": {
        "apiKey": ""
    },
    "nodeMailer": {
        "service": "gmail",
        "auth": {
            "user": "",
            "pass": ""
        }
    },
    "rootUrl": {
        "host": "localhost",
        "port": "4200",
        "protocol": "http"
    },
    "reporting": {
        "schema": ""
    }
}